{"balance": 304.1013143502591, "startbalance": 430.24302352420074}